{"cameraMode":{"drawMode":0,"name":"Shaded","section":"Shading Mode"},"sceneLighting":true,"audioPlay":false,"sceneViewState":{"showFog":false,"showMaterialUpdate":false,"showSkybox":false,"showFlares":false,"showImageEffects":false,"showParticleSystems":false},"in2DMode":false,"pivot":{"x":0.0757635235786438,"y":142.0332794189453,"z":0.03024313785135746},"rotation":{"x":0.0027456104289740326,"y":-0.9770063757896423,"z":0.21284295618534089,"w":0.012612244114279747},"size":313.9060974121094,"orthographic":true}