{"cameraMode":{"drawMode":0,"name":"Shaded","section":"Shading Mode"},"sceneLighting":false,"audioPlay":false,"sceneViewState":{"showFog":false,"showMaterialUpdate":false,"showSkybox":false,"showFlares":false,"showImageEffects":false,"showParticleSystems":false},"in2DMode":false,"pivot":{"x":8.539182662963868,"y":8.658052444458008,"z":-8.367025375366211},"rotation":{"x":-0.15343554317951203,"y":0.07549315690994263,"z":-0.011753502301871777,"w":-0.985209584236145},"size":2.077022075653076,"orthographic":true}