{"cameraMode":{"drawMode":0,"name":"Shaded","section":"Shading Mode"},"sceneLighting":false,"audioPlay":false,"sceneViewState":{"showFog":true,"showMaterialUpdate":true,"showSkybox":true,"showFlares":false,"showImageEffects":true,"showParticleSystems":true},"in2DMode":false,"pivot":{"x":12.79992961883545,"y":4.786658763885498,"z":-1.5827836990356446},"rotation":{"x":-0.053079426288604739,"y":0.8369207978248596,"z":0.08231910318136215,"w":0.5385509729385376},"size":1.8247451782226563,"orthographic":false}