{"cameraMode":{"drawMode":0,"name":"Shaded","section":"Shading Mode"},"sceneLighting":false,"audioPlay":false,"sceneViewState":{"showFog":true,"showMaterialUpdate":true,"showSkybox":true,"showFlares":false,"showImageEffects":true,"showParticleSystems":true},"in2DMode":false,"pivot":{"x":124.21220397949219,"y":-78.57083129882813,"z":-250.62435913085938},"rotation":{"x":0.11714930832386017,"y":0.8571763038635254,"z":-0.44887226819992068,"w":0.2237153798341751},"size":135.4542999267578,"orthographic":false}