{"cameraMode":{"drawMode":0,"name":"Shaded","section":"Shading Mode"},"sceneLighting":false,"audioPlay":false,"sceneViewState":{"showFog":true,"showMaterialUpdate":true,"showSkybox":true,"showFlares":false,"showImageEffects":true,"showParticleSystems":true},"in2DMode":false,"pivot":{"x":921.0596313476563,"y":357.3710632324219,"z":168.43997192382813},"rotation":{"x":-0.01768861524760723,"y":0.010495520196855069,"z":0.00018192490097135305,"w":0.9998002648353577},"size":10.0,"orthographic":false}