{"cameraMode":{"drawMode":0,"name":"Shaded","section":"Shading Mode"},"sceneLighting":false,"audioPlay":false,"sceneViewState":{"showFog":true,"showMaterialUpdate":true,"showSkybox":false,"showFlares":false,"showImageEffects":true,"showParticleSystems":true},"in2DMode":false,"pivot":{"x":141.98814392089845,"y":4.033472061157227,"z":-301.83563232421877},"rotation":{"x":0.0606040321290493,"y":-0.9210677146911621,"z":0.15934009850025178,"w":0.35015448927879336},"size":1.8247449398040772,"orthographic":false}