{"cameraMode":{"drawMode":0,"name":"Shaded","section":"Shading Mode"},"sceneLighting":false,"audioPlay":false,"sceneViewState":{"showFog":true,"showMaterialUpdate":true,"showSkybox":false,"showFlares":false,"showImageEffects":true,"showParticleSystems":true},"in2DMode":false,"pivot":{"x":143.84568786621095,"y":5.213528633117676,"z":-295.6418762207031},"rotation":{"x":0.006298860069364309,"y":-0.058469172567129138,"z":0.0003697788924910128,"w":0.9982826113700867},"size":1.8247449398040772,"orthographic":false}