{"cameraMode":{"drawMode":0,"name":"Shaded","section":"Shading Mode"},"sceneLighting":false,"audioPlay":false,"sceneViewState":{"showFog":true,"showMaterialUpdate":true,"showSkybox":true,"showFlares":false,"showImageEffects":true,"showParticleSystems":true},"in2DMode":false,"pivot":{"x":307.43505859375,"y":-28.437244415283204,"z":-248.35989379882813},"rotation":{"x":-0.13204814493656159,"y":-0.701667845249176,"z":0.13488920032978059,"w":-0.6870785355567932},"size":136.1560516357422,"orthographic":false}