{"cameraMode":{"drawMode":0,"name":"Shaded","section":"Shading Mode"},"sceneLighting":false,"audioPlay":false,"sceneViewState":{"showFog":true,"showMaterialUpdate":true,"showSkybox":true,"showFlares":false,"showImageEffects":true,"showParticleSystems":true},"in2DMode":false,"pivot":{"x":561.26904296875,"y":175.41542053222657,"z":-206.005859375},"rotation":{"x":-0.0026897157076746227,"y":-0.012002911418676377,"z":-0.00004576856372295879,"w":0.9999377131462097},"size":81.51338195800781,"orthographic":false}