{"cameraMode":{"drawMode":0,"name":"Shaded","section":"Shading Mode"},"sceneLighting":false,"audioPlay":false,"sceneViewState":{"showFog":true,"showMaterialUpdate":true,"showSkybox":false,"showFlares":false,"showImageEffects":true,"showParticleSystems":true},"in2DMode":false,"pivot":{"x":216.07974243164063,"y":131.29429626464845,"z":-15.091480255126954},"rotation":{"x":-0.14660431444644929,"y":0.04805189371109009,"z":-0.007130196783691645,"w":-0.9880022406578064},"size":10.0,"orthographic":false}