{"cameraMode":{"drawMode":0,"name":"Shaded","section":"Shading Mode"},"sceneLighting":false,"audioPlay":false,"sceneViewState":{"showFog":true,"showMaterialUpdate":true,"showSkybox":false,"showFlares":false,"showImageEffects":true,"showParticleSystems":true},"in2DMode":false,"pivot":{"x":8.518540382385254,"y":9.421186447143555,"z":-8.018339157104493},"rotation":{"x":-0.11782342195510864,"y":-0.42535072565078738,"z":0.055959511548280719,"w":-0.8955800533294678},"size":1.8247449398040772,"orthographic":false}