{"cameraMode":{"drawMode":0,"name":"Shaded","section":"Shading Mode"},"sceneLighting":false,"audioPlay":false,"sceneViewState":{"showFog":true,"showMaterialUpdate":true,"showSkybox":true,"showFlares":false,"showImageEffects":true,"showParticleSystems":true},"in2DMode":false,"pivot":{"x":44.31058883666992,"y":2.0,"z":-31.677112579345704},"rotation":{"x":-0.06517050415277481,"y":-0.9342347979545593,"z":0.26460209488868716,"w":-0.23009991645812989},"size":10.910994529724121,"orthographic":false}