{"cameraMode":{"drawMode":0,"name":"Shaded","section":"Shading Mode"},"sceneLighting":false,"audioPlay":false,"sceneViewState":{"showFog":true,"showMaterialUpdate":true,"showSkybox":true,"showFlares":false,"showImageEffects":true,"showParticleSystems":true},"in2DMode":false,"pivot":{"x":425.722900390625,"y":121.89337921142578,"z":-15.09375},"rotation":{"x":-0.0906992182135582,"y":0.6605200171470642,"z":-0.08085799217224121,"w":-0.7409111857414246},"size":6.148990154266357,"orthographic":false}