{"cameraMode":{"drawMode":0,"name":"Shaded","section":"Shading Mode"},"sceneLighting":false,"audioPlay":false,"sceneViewState":{"showFog":false,"showMaterialUpdate":false,"showSkybox":false,"showFlares":false,"showImageEffects":false,"showParticleSystems":false},"in2DMode":false,"pivot":{"x":-0.0016999505460262299,"y":0.0,"z":0.05000000074505806},"rotation":{"x":-0.06624733656644821,"y":-0.02035672962665558,"z":0.0013517244951799512,"w":-0.9975945949554443},"size":0.04791678860783577,"orthographic":false}