{"cameraMode":{"drawMode":0,"name":"Shaded","section":"Shading Mode"},"sceneLighting":false,"audioPlay":false,"sceneViewState":{"showFog":false,"showMaterialUpdate":false,"showSkybox":false,"showFlares":false,"showImageEffects":false,"showParticleSystems":false},"in2DMode":false,"pivot":{"x":-0.01181533932685852,"y":0.15638715028762818,"z":-0.002348482608795166},"rotation":{"x":-0.17083746194839478,"y":0.6720311641693115,"z":-0.16361232101917268,"w":-0.7017319202423096},"size":0.55174720287323,"orthographic":false}