{"cameraMode":{"drawMode":0,"name":"Shaded","section":"Shading Mode"},"sceneLighting":true,"audioPlay":false,"sceneViewState":{"showFog":false,"showMaterialUpdate":false,"showSkybox":false,"showFlares":false,"showImageEffects":false,"showParticleSystems":false},"in2DMode":false,"pivot":{"x":0.7335820198059082,"y":-2.342153549194336,"z":-0.43979090452194216},"rotation":{"x":-0.16073696315288545,"y":-0.7107042074203491,"z":0.1723358929157257,"w":-0.6628504991531372},"size":5.890452861785889,"orthographic":false}