{"cameraMode":{"drawMode":0,"name":"Shaded","section":"Shading Mode"},"sceneLighting":false,"audioPlay":false,"sceneViewState":{"showFog":false,"showMaterialUpdate":false,"showSkybox":false,"showFlares":false,"showImageEffects":false,"showParticleSystems":false},"in2DMode":false,"pivot":{"x":1.5799999237060547,"y":1.6527190208435059,"z":0.9100000262260437},"rotation":{"x":0.0724627673625946,"y":0.8106440901756287,"z":0.10265213251113892,"w":-0.5719196200370789},"size":5.999803066253662,"orthographic":false}