{"cameraMode":{"drawMode":0,"name":"Shaded","section":"Shading Mode"},"sceneLighting":false,"audioPlay":false,"sceneViewState":{"showFog":false,"showMaterialUpdate":false,"showSkybox":false,"showFlares":false,"showImageEffects":false,"showParticleSystems":false},"in2DMode":false,"pivot":{"x":-0.027596980333328248,"y":0.5295695066452026,"z":0.009406685829162598},"rotation":{"x":-0.09073714911937714,"y":0.7907931208610535,"z":-0.12098173052072525,"w":-0.5931114554405212},"size":0.9471693634986877,"orthographic":false}