{"cameraMode":{"drawMode":0,"name":"Shaded","section":"Shading Mode"},"sceneLighting":false,"audioPlay":false,"sceneViewState":{"showFog":false,"showMaterialUpdate":false,"showSkybox":false,"showFlares":false,"showImageEffects":false,"showParticleSystems":false},"in2DMode":false,"pivot":{"x":0.0,"y":0.5455893874168396,"z":0.0004996061325073242},"rotation":{"x":0.006302277557551861,"y":-0.9813121557235718,"z":0.03268951550126076,"w":0.1895671933889389},"size":1.1547750234603882,"orthographic":false}